--
-- PostgreSQL database dump
--

-- Dumped from database version 17.5 (Debian 17.5-1.pgdg120+1)
-- Dumped by pg_dump version 17.5 (Debian 17.5-1.pgdg120+1)

SET statement_timeout = 0;
SET lock_timeout = 0;
SET idle_in_transaction_session_timeout = 0;
SET transaction_timeout = 0;
SET client_encoding = 'UTF8';
SET standard_conforming_strings = on;
SELECT pg_catalog.set_config('search_path', '', false);
SET check_function_bodies = false;
SET xmloption = content;
SET client_min_messages = warning;
SET row_security = off;

SET default_tablespace = '';

SET default_table_access_method = heap;

--
-- Name: appAccounts_modelaccounts; Type: TABLE; Schema: public; Owner: myuser
--

CREATE TABLE public."appAccounts_modelaccounts" (
    id uuid NOT NULL,
    created_at timestamp with time zone NOT NULL,
    updated_at timestamp with time zone NOT NULL,
    login character varying NOT NULL,
    password character varying NOT NULL,
    another_secret text NOT NULL,
    owner_id uuid NOT NULL,
    is_login_cipher boolean NOT NULL
);


ALTER TABLE public."appAccounts_modelaccounts" OWNER TO myuser;

--
-- Name: appAccounts_modelaccountsdeleted; Type: TABLE; Schema: public; Owner: myuser
--

CREATE TABLE public."appAccounts_modelaccountsdeleted" (
    id uuid NOT NULL,
    deleted_at timestamp with time zone NOT NULL,
    login character varying NOT NULL,
    password character varying NOT NULL,
    another_secret text NOT NULL,
    owner_id uuid NOT NULL,
    is_login_cipher boolean NOT NULL
);


ALTER TABLE public."appAccounts_modelaccountsdeleted" OWNER TO myuser;

--
-- Name: appAuth_modeluser; Type: TABLE; Schema: public; Owner: myuser
--

CREATE TABLE public."appAuth_modeluser" (
    id uuid NOT NULL,
    login character varying(50) NOT NULL,
    password character varying NOT NULL,
    is_active boolean NOT NULL,
    created_at timestamp with time zone NOT NULL,
    updated_at timestamp with time zone NOT NULL,
    role_id uuid NOT NULL
);


ALTER TABLE public."appAuth_modeluser" OWNER TO myuser;

--
-- Name: appAuth_modeluserrole; Type: TABLE; Schema: public; Owner: myuser
--

CREATE TABLE public."appAuth_modeluserrole" (
    id uuid NOT NULL,
    name character varying(50) NOT NULL,
    allowed_actions jsonb NOT NULL,
    is_active boolean NOT NULL
);


ALTER TABLE public."appAuth_modeluserrole" OWNER TO myuser;

--
-- Name: appBirthdays_modeldates; Type: TABLE; Schema: public; Owner: myuser
--

CREATE TABLE public."appBirthdays_modeldates" (
    id uuid NOT NULL,
    created_at timestamp with time zone NOT NULL,
    updated_at timestamp with time zone NOT NULL,
    note character varying NOT NULL,
    date date NOT NULL,
    owner_id uuid NOT NULL
);


ALTER TABLE public."appBirthdays_modeldates" OWNER TO myuser;

--
-- Name: appBirthdays_modeldatesdeleted; Type: TABLE; Schema: public; Owner: myuser
--

CREATE TABLE public."appBirthdays_modeldatesdeleted" (
    id uuid NOT NULL,
    deleted_at timestamp with time zone NOT NULL,
    note character varying NOT NULL,
    date date NOT NULL,
    owner_id uuid NOT NULL
);


ALTER TABLE public."appBirthdays_modeldatesdeleted" OWNER TO myuser;

--
-- Name: appNotes_modelnotes; Type: TABLE; Schema: public; Owner: myuser
--

CREATE TABLE public."appNotes_modelnotes" (
    id uuid NOT NULL,
    created_at timestamp with time zone NOT NULL,
    updated_at timestamp with time zone NOT NULL,
    is_active boolean NOT NULL,
    name character varying NOT NULL,
    text text NOT NULL,
    open_for_all boolean NOT NULL,
    link character varying NOT NULL,
    owner_id uuid NOT NULL,
    edit_everyone boolean NOT NULL,
    is_cipher boolean NOT NULL
);


ALTER TABLE public."appNotes_modelnotes" OWNER TO myuser;

--
-- Name: auth_group; Type: TABLE; Schema: public; Owner: myuser
--

CREATE TABLE public.auth_group (
    id integer NOT NULL,
    name character varying(150) NOT NULL
);


ALTER TABLE public.auth_group OWNER TO myuser;

--
-- Name: auth_group_id_seq; Type: SEQUENCE; Schema: public; Owner: myuser
--

ALTER TABLE public.auth_group ALTER COLUMN id ADD GENERATED BY DEFAULT AS IDENTITY (
    SEQUENCE NAME public.auth_group_id_seq
    START WITH 1
    INCREMENT BY 1
    NO MINVALUE
    NO MAXVALUE
    CACHE 1
);


--
-- Name: auth_group_permissions; Type: TABLE; Schema: public; Owner: myuser
--

CREATE TABLE public.auth_group_permissions (
    id bigint NOT NULL,
    group_id integer NOT NULL,
    permission_id integer NOT NULL
);


ALTER TABLE public.auth_group_permissions OWNER TO myuser;

--
-- Name: auth_group_permissions_id_seq; Type: SEQUENCE; Schema: public; Owner: myuser
--

ALTER TABLE public.auth_group_permissions ALTER COLUMN id ADD GENERATED BY DEFAULT AS IDENTITY (
    SEQUENCE NAME public.auth_group_permissions_id_seq
    START WITH 1
    INCREMENT BY 1
    NO MINVALUE
    NO MAXVALUE
    CACHE 1
);


--
-- Name: auth_permission; Type: TABLE; Schema: public; Owner: myuser
--

CREATE TABLE public.auth_permission (
    id integer NOT NULL,
    name character varying(255) NOT NULL,
    content_type_id integer NOT NULL,
    codename character varying(100) NOT NULL
);


ALTER TABLE public.auth_permission OWNER TO myuser;

--
-- Name: auth_permission_id_seq; Type: SEQUENCE; Schema: public; Owner: myuser
--

ALTER TABLE public.auth_permission ALTER COLUMN id ADD GENERATED BY DEFAULT AS IDENTITY (
    SEQUENCE NAME public.auth_permission_id_seq
    START WITH 1
    INCREMENT BY 1
    NO MINVALUE
    NO MAXVALUE
    CACHE 1
);


--
-- Name: auth_user; Type: TABLE; Schema: public; Owner: myuser
--

CREATE TABLE public.auth_user (
    id integer NOT NULL,
    password character varying(128) NOT NULL,
    last_login timestamp with time zone,
    is_superuser boolean NOT NULL,
    username character varying(150) NOT NULL,
    first_name character varying(150) NOT NULL,
    last_name character varying(150) NOT NULL,
    email character varying(254) NOT NULL,
    is_staff boolean NOT NULL,
    is_active boolean NOT NULL,
    date_joined timestamp with time zone NOT NULL
);


ALTER TABLE public.auth_user OWNER TO myuser;

--
-- Name: auth_user_groups; Type: TABLE; Schema: public; Owner: myuser
--

CREATE TABLE public.auth_user_groups (
    id bigint NOT NULL,
    user_id integer NOT NULL,
    group_id integer NOT NULL
);


ALTER TABLE public.auth_user_groups OWNER TO myuser;

--
-- Name: auth_user_groups_id_seq; Type: SEQUENCE; Schema: public; Owner: myuser
--

ALTER TABLE public.auth_user_groups ALTER COLUMN id ADD GENERATED BY DEFAULT AS IDENTITY (
    SEQUENCE NAME public.auth_user_groups_id_seq
    START WITH 1
    INCREMENT BY 1
    NO MINVALUE
    NO MAXVALUE
    CACHE 1
);


--
-- Name: auth_user_id_seq; Type: SEQUENCE; Schema: public; Owner: myuser
--

ALTER TABLE public.auth_user ALTER COLUMN id ADD GENERATED BY DEFAULT AS IDENTITY (
    SEQUENCE NAME public.auth_user_id_seq
    START WITH 1
    INCREMENT BY 1
    NO MINVALUE
    NO MAXVALUE
    CACHE 1
);


--
-- Name: auth_user_user_permissions; Type: TABLE; Schema: public; Owner: myuser
--

CREATE TABLE public.auth_user_user_permissions (
    id bigint NOT NULL,
    user_id integer NOT NULL,
    permission_id integer NOT NULL
);


ALTER TABLE public.auth_user_user_permissions OWNER TO myuser;

--
-- Name: auth_user_user_permissions_id_seq; Type: SEQUENCE; Schema: public; Owner: myuser
--

ALTER TABLE public.auth_user_user_permissions ALTER COLUMN id ADD GENERATED BY DEFAULT AS IDENTITY (
    SEQUENCE NAME public.auth_user_user_permissions_id_seq
    START WITH 1
    INCREMENT BY 1
    NO MINVALUE
    NO MAXVALUE
    CACHE 1
);


--
-- Name: django_content_type; Type: TABLE; Schema: public; Owner: myuser
--

CREATE TABLE public.django_content_type (
    id integer NOT NULL,
    app_label character varying(100) NOT NULL,
    model character varying(100) NOT NULL
);


ALTER TABLE public.django_content_type OWNER TO myuser;

--
-- Name: django_content_type_id_seq; Type: SEQUENCE; Schema: public; Owner: myuser
--

ALTER TABLE public.django_content_type ALTER COLUMN id ADD GENERATED BY DEFAULT AS IDENTITY (
    SEQUENCE NAME public.django_content_type_id_seq
    START WITH 1
    INCREMENT BY 1
    NO MINVALUE
    NO MAXVALUE
    CACHE 1
);


--
-- Name: django_migrations; Type: TABLE; Schema: public; Owner: myuser
--

CREATE TABLE public.django_migrations (
    id bigint NOT NULL,
    app character varying(255) NOT NULL,
    name character varying(255) NOT NULL,
    applied timestamp with time zone NOT NULL
);


ALTER TABLE public.django_migrations OWNER TO myuser;

--
-- Name: django_migrations_id_seq; Type: SEQUENCE; Schema: public; Owner: myuser
--

ALTER TABLE public.django_migrations ALTER COLUMN id ADD GENERATED BY DEFAULT AS IDENTITY (
    SEQUENCE NAME public.django_migrations_id_seq
    START WITH 1
    INCREMENT BY 1
    NO MINVALUE
    NO MAXVALUE
    CACHE 1
);


--
-- Name: django_session; Type: TABLE; Schema: public; Owner: myuser
--

CREATE TABLE public.django_session (
    session_key character varying(40) NOT NULL,
    session_data text NOT NULL,
    expire_date timestamp with time zone NOT NULL
);


ALTER TABLE public.django_session OWNER TO myuser;

--
-- Data for Name: appAccounts_modelaccounts; Type: TABLE DATA; Schema: public; Owner: myuser
--

COPY public."appAccounts_modelaccounts" (id, created_at, updated_at, login, password, another_secret, owner_id, is_login_cipher) FROM stdin;
\.


--
-- Data for Name: appAccounts_modelaccountsdeleted; Type: TABLE DATA; Schema: public; Owner: myuser
--

COPY public."appAccounts_modelaccountsdeleted" (id, deleted_at, login, password, another_secret, owner_id, is_login_cipher) FROM stdin;
\.


--
-- Data for Name: appAuth_modeluser; Type: TABLE DATA; Schema: public; Owner: myuser
--

COPY public."appAuth_modeluser" (id, login, password, is_active, created_at, updated_at, role_id) FROM stdin;
65f19ef0-61ac-4e32-80c7-b97913aee461	standen3	fsdfsdfsd	f	2025-07-09 13:23:50.726389+00	2025-07-09 13:26:35.143764+00	4150afd7-9cb5-4cc9-99f9-657ee0ec0d90
6b6aa08c-5263-4940-9065-9aea56f99a7e	standen	039058c6f2c0cb492c533b0a4d14ef77cc0f78abccced5287d84a1a2011cfb81	t	2025-07-09 13:32:27.654016+00	2025-07-09 13:54:04.653912+00	87d8e2b9-38bb-4e72-81cf-3af574c40e2c
\.


--
-- Data for Name: appAuth_modeluserrole; Type: TABLE DATA; Schema: public; Owner: myuser
--

COPY public."appAuth_modeluserrole" (id, name, allowed_actions, is_active) FROM stdin;
4150afd7-9cb5-4cc9-99f9-657ee0ec0d90	admin2	{"list": ["USER_CREATE", "USER_UPDATE", "USER_DELETE", "ROLE_CREATE", "ROLE_UPDATE", "ROLE_DELETE"]}	t
87d8e2b9-38bb-4e72-81cf-3af574c40e2c	admin	{"list": ["USER_CREATE", "USER_UPDATE"]}	t
\.


--
-- Data for Name: appBirthdays_modeldates; Type: TABLE DATA; Schema: public; Owner: myuser
--

COPY public."appBirthdays_modeldates" (id, created_at, updated_at, note, date, owner_id) FROM stdin;
\.


--
-- Data for Name: appBirthdays_modeldatesdeleted; Type: TABLE DATA; Schema: public; Owner: myuser
--

COPY public."appBirthdays_modeldatesdeleted" (id, deleted_at, note, date, owner_id) FROM stdin;
\.


--
-- Data for Name: appNotes_modelnotes; Type: TABLE DATA; Schema: public; Owner: myuser
--

COPY public."appNotes_modelnotes" (id, created_at, updated_at, is_active, name, text, open_for_all, link, owner_id, edit_everyone, is_cipher) FROM stdin;
122d5dba-31aa-460f-b383-c6f787e2e634	2025-07-09 20:07:32.255131+00	2025-07-09 20:12:04.964231+00	t	Фильмы 2	Некоторый текст 2	t	films	6b6aa08c-5263-4940-9065-9aea56f99a7e	t	t
\.


--
-- Data for Name: auth_group; Type: TABLE DATA; Schema: public; Owner: myuser
--

COPY public.auth_group (id, name) FROM stdin;
\.


--
-- Data for Name: auth_group_permissions; Type: TABLE DATA; Schema: public; Owner: myuser
--

COPY public.auth_group_permissions (id, group_id, permission_id) FROM stdin;
\.


--
-- Data for Name: auth_permission; Type: TABLE DATA; Schema: public; Owner: myuser
--

COPY public.auth_permission (id, name, content_type_id, codename) FROM stdin;
1	Can add permission	1	add_permission
2	Can change permission	1	change_permission
3	Can delete permission	1	delete_permission
4	Can view permission	1	view_permission
5	Can add group	2	add_group
6	Can change group	2	change_group
7	Can delete group	2	delete_group
8	Can view group	2	view_group
9	Can add user	3	add_user
10	Can change user	3	change_user
11	Can delete user	3	delete_user
12	Can view user	3	view_user
13	Can add content type	4	add_contenttype
14	Can change content type	4	change_contenttype
15	Can delete content type	4	delete_contenttype
16	Can view content type	4	view_contenttype
17	Can add session	5	add_session
18	Can change session	5	change_session
19	Can delete session	5	delete_session
20	Can view session	5	view_session
21	Can add model user role	6	add_modeluserrole
22	Can change model user role	6	change_modeluserrole
23	Can delete model user role	6	delete_modeluserrole
24	Can view model user role	6	view_modeluserrole
25	Can add model user	7	add_modeluser
26	Can change model user	7	change_modeluser
27	Can delete model user	7	delete_modeluser
28	Can view model user	7	view_modeluser
29	Can add model accounts	8	add_modelaccounts
30	Can change model accounts	8	change_modelaccounts
31	Can delete model accounts	8	delete_modelaccounts
32	Can view model accounts	8	view_modelaccounts
33	Can add model accounts deleted	9	add_modelaccountsdeleted
34	Can change model accounts deleted	9	change_modelaccountsdeleted
35	Can delete model accounts deleted	9	delete_modelaccountsdeleted
36	Can view model accounts deleted	9	view_modelaccountsdeleted
37	Can add model notes	10	add_modelnotes
38	Can change model notes	10	change_modelnotes
39	Can delete model notes	10	delete_modelnotes
40	Can view model notes	10	view_modelnotes
41	Can add model dates	11	add_modeldates
42	Can change model dates	11	change_modeldates
43	Can delete model dates	11	delete_modeldates
44	Can view model dates	11	view_modeldates
45	Can add model dates deleted	12	add_modeldatesdeleted
46	Can change model dates deleted	12	change_modeldatesdeleted
47	Can delete model dates deleted	12	delete_modeldatesdeleted
48	Can view model dates deleted	12	view_modeldatesdeleted
\.


--
-- Data for Name: auth_user; Type: TABLE DATA; Schema: public; Owner: myuser
--

COPY public.auth_user (id, password, last_login, is_superuser, username, first_name, last_name, email, is_staff, is_active, date_joined) FROM stdin;
\.


--
-- Data for Name: auth_user_groups; Type: TABLE DATA; Schema: public; Owner: myuser
--

COPY public.auth_user_groups (id, user_id, group_id) FROM stdin;
\.


--
-- Data for Name: auth_user_user_permissions; Type: TABLE DATA; Schema: public; Owner: myuser
--

COPY public.auth_user_user_permissions (id, user_id, permission_id) FROM stdin;
\.


--
-- Data for Name: django_content_type; Type: TABLE DATA; Schema: public; Owner: myuser
--

COPY public.django_content_type (id, app_label, model) FROM stdin;
1	auth	permission
2	auth	group
3	auth	user
4	contenttypes	contenttype
5	sessions	session
6	appAuth	modeluserrole
7	appAuth	modeluser
8	appAccounts	modelaccounts
9	appAccounts	modelaccountsdeleted
10	appNotes	modelnotes
11	appBirthdays	modeldates
12	appBirthdays	modeldatesdeleted
\.


--
-- Data for Name: django_migrations; Type: TABLE DATA; Schema: public; Owner: myuser
--

COPY public.django_migrations (id, app, name, applied) FROM stdin;
1	appAuth	0001_initial	2025-07-06 17:53:10.098744+00
2	appAuth	0002_modeluserpermission_modeluserrole_is_active	2025-07-06 17:53:10.108488+00
3	appAuth	0003_delete_modeluserpermission	2025-07-06 17:53:10.1121+00
4	appAuth	0004_alter_modeluser_password	2025-07-06 17:53:10.116774+00
5	appAccounts	0001_initial	2025-07-06 17:53:10.128315+00
6	appAccounts	0002_remove_modelaccounts_cipher_login_and_more	2025-07-06 17:53:10.142689+00
7	appBirthdays	0001_initial	2025-07-06 17:53:10.15539+00
8	appNotes	0001_initial	2025-07-06 17:53:10.173042+00
9	appNotes	0002_modelnotes_edit_everyone_modelnotes_is_cipher_and_more	2025-07-06 17:53:10.181923+00
10	contenttypes	0001_initial	2025-07-06 17:53:10.186261+00
11	contenttypes	0002_remove_content_type_name	2025-07-06 17:53:10.193024+00
12	auth	0001_initial	2025-07-06 17:53:10.215636+00
13	auth	0002_alter_permission_name_max_length	2025-07-06 17:53:10.221439+00
14	auth	0003_alter_user_email_max_length	2025-07-06 17:53:10.227095+00
15	auth	0004_alter_user_username_opts	2025-07-06 17:53:10.23314+00
16	auth	0005_alter_user_last_login_null	2025-07-06 17:53:10.238895+00
17	auth	0006_require_contenttypes_0002	2025-07-06 17:53:10.242005+00
18	auth	0007_alter_validators_add_error_messages	2025-07-06 17:53:10.247297+00
19	auth	0008_alter_user_username_max_length	2025-07-06 17:53:10.254339+00
20	auth	0009_alter_user_last_name_max_length	2025-07-06 17:53:10.260026+00
21	auth	0010_alter_group_name_max_length	2025-07-06 17:53:10.266053+00
22	auth	0011_update_proxy_permissions	2025-07-06 17:53:10.272777+00
23	auth	0012_alter_user_first_name_max_length	2025-07-06 17:53:10.278646+00
24	sessions	0001_initial	2025-07-06 17:53:10.286442+00
25	appAuth	0002_alter_modeluserrole_allowed_actions	2025-07-09 12:38:16.395665+00
26	appAuth	0003_alter_modeluserrole_allowed_actions	2025-07-09 13:05:25.694756+00
\.


--
-- Data for Name: django_session; Type: TABLE DATA; Schema: public; Owner: myuser
--

COPY public.django_session (session_key, session_data, expire_date) FROM stdin;
vlr3o9xw122tsf6sszykfv9xjq6wl42f	eyJsb2dpbiI6InN0YW5kZW4ifQ:1uZV37:32gFmyhBVivHrusKOy3psPBULqCv8J0mjLTyI1wutVY	2025-07-23 13:41:25.809662+00
qsl838bt2kdwqaewfdknq69m4drky2gn	eyJsb2dpbiI6InN0YW5kZW4ifQ:1uZaa5:OaoEIGx-_VA7DOwUER5i8cF69RY4q6nHrwiy8691fkU	2025-07-23 19:35:49.339788+00
lweiob81to4mfmh861bvxk1okfrjk6y5	eyJsb2dpbiI6InN0YW5kZW4ifQ:1uZohi:vQarTxqTscmodtS13_eaGbxdlLBdr_nFEAQY7L0nAj4	2025-07-24 10:40:38.574233+00
jnudylnuh19ge59ntidzrhw0vztzwwdb	eyJsb2dpbiI6InN0YW5kZW4ifQ:1uZr0x:8S93OLsPIDX-yBLq4XTiZ_KpaqvME2pp7UC42lo-roo	2025-07-24 13:08:39.706498+00
2g51sw1lzxh1py3catw52ti9dduilj24	eyJsb2dpbiI6InN0YW5kZW4ifQ:1uZr1E:M739CoXWfWYrhNEDQ7Fx8ic8UUVrfEXOQoHzisxxO_8	2025-07-24 13:08:56.92101+00
\.


--
-- Name: auth_group_id_seq; Type: SEQUENCE SET; Schema: public; Owner: myuser
--

SELECT pg_catalog.setval('public.auth_group_id_seq', 1, false);


--
-- Name: auth_group_permissions_id_seq; Type: SEQUENCE SET; Schema: public; Owner: myuser
--

SELECT pg_catalog.setval('public.auth_group_permissions_id_seq', 1, false);


--
-- Name: auth_permission_id_seq; Type: SEQUENCE SET; Schema: public; Owner: myuser
--

SELECT pg_catalog.setval('public.auth_permission_id_seq', 48, true);


--
-- Name: auth_user_groups_id_seq; Type: SEQUENCE SET; Schema: public; Owner: myuser
--

SELECT pg_catalog.setval('public.auth_user_groups_id_seq', 1, false);


--
-- Name: auth_user_id_seq; Type: SEQUENCE SET; Schema: public; Owner: myuser
--

SELECT pg_catalog.setval('public.auth_user_id_seq', 1, false);


--
-- Name: auth_user_user_permissions_id_seq; Type: SEQUENCE SET; Schema: public; Owner: myuser
--

SELECT pg_catalog.setval('public.auth_user_user_permissions_id_seq', 1, false);


--
-- Name: django_content_type_id_seq; Type: SEQUENCE SET; Schema: public; Owner: myuser
--

SELECT pg_catalog.setval('public.django_content_type_id_seq', 12, true);


--
-- Name: django_migrations_id_seq; Type: SEQUENCE SET; Schema: public; Owner: myuser
--

SELECT pg_catalog.setval('public.django_migrations_id_seq', 26, true);


--
-- Name: appAccounts_modelaccounts appAccounts_modelaccounts_login_2099ece2_uniq; Type: CONSTRAINT; Schema: public; Owner: myuser
--

ALTER TABLE ONLY public."appAccounts_modelaccounts"
    ADD CONSTRAINT "appAccounts_modelaccounts_login_2099ece2_uniq" UNIQUE (login);


--
-- Name: appAccounts_modelaccounts appAccounts_modelaccounts_pkey; Type: CONSTRAINT; Schema: public; Owner: myuser
--

ALTER TABLE ONLY public."appAccounts_modelaccounts"
    ADD CONSTRAINT "appAccounts_modelaccounts_pkey" PRIMARY KEY (id);


--
-- Name: appAccounts_modelaccountsdeleted appAccounts_modelaccountsdeleted_login_56f2c280_uniq; Type: CONSTRAINT; Schema: public; Owner: myuser
--

ALTER TABLE ONLY public."appAccounts_modelaccountsdeleted"
    ADD CONSTRAINT "appAccounts_modelaccountsdeleted_login_56f2c280_uniq" UNIQUE (login);


--
-- Name: appAccounts_modelaccountsdeleted appAccounts_modelaccountsdeleted_pkey; Type: CONSTRAINT; Schema: public; Owner: myuser
--

ALTER TABLE ONLY public."appAccounts_modelaccountsdeleted"
    ADD CONSTRAINT "appAccounts_modelaccountsdeleted_pkey" PRIMARY KEY (id);


--
-- Name: appAuth_modeluser appAuth_modeluser_login_key; Type: CONSTRAINT; Schema: public; Owner: myuser
--

ALTER TABLE ONLY public."appAuth_modeluser"
    ADD CONSTRAINT "appAuth_modeluser_login_key" UNIQUE (login);


--
-- Name: appAuth_modeluser appAuth_modeluser_pkey; Type: CONSTRAINT; Schema: public; Owner: myuser
--

ALTER TABLE ONLY public."appAuth_modeluser"
    ADD CONSTRAINT "appAuth_modeluser_pkey" PRIMARY KEY (id);


--
-- Name: appAuth_modeluserrole appAuth_modeluserrole_name_key; Type: CONSTRAINT; Schema: public; Owner: myuser
--

ALTER TABLE ONLY public."appAuth_modeluserrole"
    ADD CONSTRAINT "appAuth_modeluserrole_name_key" UNIQUE (name);


--
-- Name: appAuth_modeluserrole appAuth_modeluserrole_pkey; Type: CONSTRAINT; Schema: public; Owner: myuser
--

ALTER TABLE ONLY public."appAuth_modeluserrole"
    ADD CONSTRAINT "appAuth_modeluserrole_pkey" PRIMARY KEY (id);


--
-- Name: appBirthdays_modeldates appBirthdays_modeldates_note_key; Type: CONSTRAINT; Schema: public; Owner: myuser
--

ALTER TABLE ONLY public."appBirthdays_modeldates"
    ADD CONSTRAINT "appBirthdays_modeldates_note_key" UNIQUE (note);


--
-- Name: appBirthdays_modeldates appBirthdays_modeldates_pkey; Type: CONSTRAINT; Schema: public; Owner: myuser
--

ALTER TABLE ONLY public."appBirthdays_modeldates"
    ADD CONSTRAINT "appBirthdays_modeldates_pkey" PRIMARY KEY (id);


--
-- Name: appBirthdays_modeldatesdeleted appBirthdays_modeldatesdeleted_note_key; Type: CONSTRAINT; Schema: public; Owner: myuser
--

ALTER TABLE ONLY public."appBirthdays_modeldatesdeleted"
    ADD CONSTRAINT "appBirthdays_modeldatesdeleted_note_key" UNIQUE (note);


--
-- Name: appBirthdays_modeldatesdeleted appBirthdays_modeldatesdeleted_pkey; Type: CONSTRAINT; Schema: public; Owner: myuser
--

ALTER TABLE ONLY public."appBirthdays_modeldatesdeleted"
    ADD CONSTRAINT "appBirthdays_modeldatesdeleted_pkey" PRIMARY KEY (id);


--
-- Name: appNotes_modelnotes appNotes_modelnotes_link_key; Type: CONSTRAINT; Schema: public; Owner: myuser
--

ALTER TABLE ONLY public."appNotes_modelnotes"
    ADD CONSTRAINT "appNotes_modelnotes_link_key" UNIQUE (link);


--
-- Name: appNotes_modelnotes appNotes_modelnotes_pkey; Type: CONSTRAINT; Schema: public; Owner: myuser
--

ALTER TABLE ONLY public."appNotes_modelnotes"
    ADD CONSTRAINT "appNotes_modelnotes_pkey" PRIMARY KEY (id);


--
-- Name: auth_group auth_group_name_key; Type: CONSTRAINT; Schema: public; Owner: myuser
--

ALTER TABLE ONLY public.auth_group
    ADD CONSTRAINT auth_group_name_key UNIQUE (name);


--
-- Name: auth_group_permissions auth_group_permissions_group_id_permission_id_0cd325b0_uniq; Type: CONSTRAINT; Schema: public; Owner: myuser
--

ALTER TABLE ONLY public.auth_group_permissions
    ADD CONSTRAINT auth_group_permissions_group_id_permission_id_0cd325b0_uniq UNIQUE (group_id, permission_id);


--
-- Name: auth_group_permissions auth_group_permissions_pkey; Type: CONSTRAINT; Schema: public; Owner: myuser
--

ALTER TABLE ONLY public.auth_group_permissions
    ADD CONSTRAINT auth_group_permissions_pkey PRIMARY KEY (id);


--
-- Name: auth_group auth_group_pkey; Type: CONSTRAINT; Schema: public; Owner: myuser
--

ALTER TABLE ONLY public.auth_group
    ADD CONSTRAINT auth_group_pkey PRIMARY KEY (id);


--
-- Name: auth_permission auth_permission_content_type_id_codename_01ab375a_uniq; Type: CONSTRAINT; Schema: public; Owner: myuser
--

ALTER TABLE ONLY public.auth_permission
    ADD CONSTRAINT auth_permission_content_type_id_codename_01ab375a_uniq UNIQUE (content_type_id, codename);


--
-- Name: auth_permission auth_permission_pkey; Type: CONSTRAINT; Schema: public; Owner: myuser
--

ALTER TABLE ONLY public.auth_permission
    ADD CONSTRAINT auth_permission_pkey PRIMARY KEY (id);


--
-- Name: auth_user_groups auth_user_groups_pkey; Type: CONSTRAINT; Schema: public; Owner: myuser
--

ALTER TABLE ONLY public.auth_user_groups
    ADD CONSTRAINT auth_user_groups_pkey PRIMARY KEY (id);


--
-- Name: auth_user_groups auth_user_groups_user_id_group_id_94350c0c_uniq; Type: CONSTRAINT; Schema: public; Owner: myuser
--

ALTER TABLE ONLY public.auth_user_groups
    ADD CONSTRAINT auth_user_groups_user_id_group_id_94350c0c_uniq UNIQUE (user_id, group_id);


--
-- Name: auth_user auth_user_pkey; Type: CONSTRAINT; Schema: public; Owner: myuser
--

ALTER TABLE ONLY public.auth_user
    ADD CONSTRAINT auth_user_pkey PRIMARY KEY (id);


--
-- Name: auth_user_user_permissions auth_user_user_permissions_pkey; Type: CONSTRAINT; Schema: public; Owner: myuser
--

ALTER TABLE ONLY public.auth_user_user_permissions
    ADD CONSTRAINT auth_user_user_permissions_pkey PRIMARY KEY (id);


--
-- Name: auth_user_user_permissions auth_user_user_permissions_user_id_permission_id_14a6b632_uniq; Type: CONSTRAINT; Schema: public; Owner: myuser
--

ALTER TABLE ONLY public.auth_user_user_permissions
    ADD CONSTRAINT auth_user_user_permissions_user_id_permission_id_14a6b632_uniq UNIQUE (user_id, permission_id);


--
-- Name: auth_user auth_user_username_key; Type: CONSTRAINT; Schema: public; Owner: myuser
--

ALTER TABLE ONLY public.auth_user
    ADD CONSTRAINT auth_user_username_key UNIQUE (username);


--
-- Name: django_content_type django_content_type_app_label_model_76bd3d3b_uniq; Type: CONSTRAINT; Schema: public; Owner: myuser
--

ALTER TABLE ONLY public.django_content_type
    ADD CONSTRAINT django_content_type_app_label_model_76bd3d3b_uniq UNIQUE (app_label, model);


--
-- Name: django_content_type django_content_type_pkey; Type: CONSTRAINT; Schema: public; Owner: myuser
--

ALTER TABLE ONLY public.django_content_type
    ADD CONSTRAINT django_content_type_pkey PRIMARY KEY (id);


--
-- Name: django_migrations django_migrations_pkey; Type: CONSTRAINT; Schema: public; Owner: myuser
--

ALTER TABLE ONLY public.django_migrations
    ADD CONSTRAINT django_migrations_pkey PRIMARY KEY (id);


--
-- Name: django_session django_session_pkey; Type: CONSTRAINT; Schema: public; Owner: myuser
--

ALTER TABLE ONLY public.django_session
    ADD CONSTRAINT django_session_pkey PRIMARY KEY (session_key);


--
-- Name: appAccounts_modelaccounts_login_2099ece2_like; Type: INDEX; Schema: public; Owner: myuser
--

CREATE INDEX "appAccounts_modelaccounts_login_2099ece2_like" ON public."appAccounts_modelaccounts" USING btree (login varchar_pattern_ops);


--
-- Name: appAccounts_modelaccounts_owner_id_1040e6e1; Type: INDEX; Schema: public; Owner: myuser
--

CREATE INDEX "appAccounts_modelaccounts_owner_id_1040e6e1" ON public."appAccounts_modelaccounts" USING btree (owner_id);


--
-- Name: appAccounts_modelaccountsdeleted_login_56f2c280_like; Type: INDEX; Schema: public; Owner: myuser
--

CREATE INDEX "appAccounts_modelaccountsdeleted_login_56f2c280_like" ON public."appAccounts_modelaccountsdeleted" USING btree (login varchar_pattern_ops);


--
-- Name: appAccounts_modelaccountsdeleted_owner_id_71c312dc; Type: INDEX; Schema: public; Owner: myuser
--

CREATE INDEX "appAccounts_modelaccountsdeleted_owner_id_71c312dc" ON public."appAccounts_modelaccountsdeleted" USING btree (owner_id);


--
-- Name: appAuth_modeluser_login_c731c9ee_like; Type: INDEX; Schema: public; Owner: myuser
--

CREATE INDEX "appAuth_modeluser_login_c731c9ee_like" ON public."appAuth_modeluser" USING btree (login varchar_pattern_ops);


--
-- Name: appAuth_modeluser_role_id_12d37762; Type: INDEX; Schema: public; Owner: myuser
--

CREATE INDEX "appAuth_modeluser_role_id_12d37762" ON public."appAuth_modeluser" USING btree (role_id);


--
-- Name: appAuth_modeluserrole_name_7599e3a5_like; Type: INDEX; Schema: public; Owner: myuser
--

CREATE INDEX "appAuth_modeluserrole_name_7599e3a5_like" ON public."appAuth_modeluserrole" USING btree (name varchar_pattern_ops);


--
-- Name: appBirthdays_modeldates_note_18bacd56_like; Type: INDEX; Schema: public; Owner: myuser
--

CREATE INDEX "appBirthdays_modeldates_note_18bacd56_like" ON public."appBirthdays_modeldates" USING btree (note varchar_pattern_ops);


--
-- Name: appBirthdays_modeldates_owner_id_abc666ce; Type: INDEX; Schema: public; Owner: myuser
--

CREATE INDEX "appBirthdays_modeldates_owner_id_abc666ce" ON public."appBirthdays_modeldates" USING btree (owner_id);


--
-- Name: appBirthdays_modeldatesdeleted_note_0a24b14d_like; Type: INDEX; Schema: public; Owner: myuser
--

CREATE INDEX "appBirthdays_modeldatesdeleted_note_0a24b14d_like" ON public."appBirthdays_modeldatesdeleted" USING btree (note varchar_pattern_ops);


--
-- Name: appBirthdays_modeldatesdeleted_owner_id_12f93540; Type: INDEX; Schema: public; Owner: myuser
--

CREATE INDEX "appBirthdays_modeldatesdeleted_owner_id_12f93540" ON public."appBirthdays_modeldatesdeleted" USING btree (owner_id);


--
-- Name: appNotes_modelnotes_link_a98e878f_like; Type: INDEX; Schema: public; Owner: myuser
--

CREATE INDEX "appNotes_modelnotes_link_a98e878f_like" ON public."appNotes_modelnotes" USING btree (link varchar_pattern_ops);


--
-- Name: appNotes_modelnotes_owner_id_f7c2fa03; Type: INDEX; Schema: public; Owner: myuser
--

CREATE INDEX "appNotes_modelnotes_owner_id_f7c2fa03" ON public."appNotes_modelnotes" USING btree (owner_id);


--
-- Name: auth_group_name_a6ea08ec_like; Type: INDEX; Schema: public; Owner: myuser
--

CREATE INDEX auth_group_name_a6ea08ec_like ON public.auth_group USING btree (name varchar_pattern_ops);


--
-- Name: auth_group_permissions_group_id_b120cbf9; Type: INDEX; Schema: public; Owner: myuser
--

CREATE INDEX auth_group_permissions_group_id_b120cbf9 ON public.auth_group_permissions USING btree (group_id);


--
-- Name: auth_group_permissions_permission_id_84c5c92e; Type: INDEX; Schema: public; Owner: myuser
--

CREATE INDEX auth_group_permissions_permission_id_84c5c92e ON public.auth_group_permissions USING btree (permission_id);


--
-- Name: auth_permission_content_type_id_2f476e4b; Type: INDEX; Schema: public; Owner: myuser
--

CREATE INDEX auth_permission_content_type_id_2f476e4b ON public.auth_permission USING btree (content_type_id);


--
-- Name: auth_user_groups_group_id_97559544; Type: INDEX; Schema: public; Owner: myuser
--

CREATE INDEX auth_user_groups_group_id_97559544 ON public.auth_user_groups USING btree (group_id);


--
-- Name: auth_user_groups_user_id_6a12ed8b; Type: INDEX; Schema: public; Owner: myuser
--

CREATE INDEX auth_user_groups_user_id_6a12ed8b ON public.auth_user_groups USING btree (user_id);


--
-- Name: auth_user_user_permissions_permission_id_1fbb5f2c; Type: INDEX; Schema: public; Owner: myuser
--

CREATE INDEX auth_user_user_permissions_permission_id_1fbb5f2c ON public.auth_user_user_permissions USING btree (permission_id);


--
-- Name: auth_user_user_permissions_user_id_a95ead1b; Type: INDEX; Schema: public; Owner: myuser
--

CREATE INDEX auth_user_user_permissions_user_id_a95ead1b ON public.auth_user_user_permissions USING btree (user_id);


--
-- Name: auth_user_username_6821ab7c_like; Type: INDEX; Schema: public; Owner: myuser
--

CREATE INDEX auth_user_username_6821ab7c_like ON public.auth_user USING btree (username varchar_pattern_ops);


--
-- Name: django_session_expire_date_a5c62663; Type: INDEX; Schema: public; Owner: myuser
--

CREATE INDEX django_session_expire_date_a5c62663 ON public.django_session USING btree (expire_date);


--
-- Name: django_session_session_key_c0390e0f_like; Type: INDEX; Schema: public; Owner: myuser
--

CREATE INDEX django_session_session_key_c0390e0f_like ON public.django_session USING btree (session_key varchar_pattern_ops);


--
-- Name: appAccounts_modelaccounts appAccounts_modelacc_owner_id_1040e6e1_fk_appAuth_m; Type: FK CONSTRAINT; Schema: public; Owner: myuser
--

ALTER TABLE ONLY public."appAccounts_modelaccounts"
    ADD CONSTRAINT "appAccounts_modelacc_owner_id_1040e6e1_fk_appAuth_m" FOREIGN KEY (owner_id) REFERENCES public."appAuth_modeluser"(id) DEFERRABLE INITIALLY DEFERRED;


--
-- Name: appAccounts_modelaccountsdeleted appAccounts_modelacc_owner_id_71c312dc_fk_appAuth_m; Type: FK CONSTRAINT; Schema: public; Owner: myuser
--

ALTER TABLE ONLY public."appAccounts_modelaccountsdeleted"
    ADD CONSTRAINT "appAccounts_modelacc_owner_id_71c312dc_fk_appAuth_m" FOREIGN KEY (owner_id) REFERENCES public."appAuth_modeluser"(id) DEFERRABLE INITIALLY DEFERRED;


--
-- Name: appAuth_modeluser appAuth_modeluser_role_id_12d37762_fk_appAuth_modeluserrole_id; Type: FK CONSTRAINT; Schema: public; Owner: myuser
--

ALTER TABLE ONLY public."appAuth_modeluser"
    ADD CONSTRAINT "appAuth_modeluser_role_id_12d37762_fk_appAuth_modeluserrole_id" FOREIGN KEY (role_id) REFERENCES public."appAuth_modeluserrole"(id) DEFERRABLE INITIALLY DEFERRED;


--
-- Name: appBirthdays_modeldatesdeleted appBirthdays_modelda_owner_id_12f93540_fk_appAuth_m; Type: FK CONSTRAINT; Schema: public; Owner: myuser
--

ALTER TABLE ONLY public."appBirthdays_modeldatesdeleted"
    ADD CONSTRAINT "appBirthdays_modelda_owner_id_12f93540_fk_appAuth_m" FOREIGN KEY (owner_id) REFERENCES public."appAuth_modeluser"(id) DEFERRABLE INITIALLY DEFERRED;


--
-- Name: appBirthdays_modeldates appBirthdays_modelda_owner_id_abc666ce_fk_appAuth_m; Type: FK CONSTRAINT; Schema: public; Owner: myuser
--

ALTER TABLE ONLY public."appBirthdays_modeldates"
    ADD CONSTRAINT "appBirthdays_modelda_owner_id_abc666ce_fk_appAuth_m" FOREIGN KEY (owner_id) REFERENCES public."appAuth_modeluser"(id) DEFERRABLE INITIALLY DEFERRED;


--
-- Name: appNotes_modelnotes appNotes_modelnotes_owner_id_f7c2fa03_fk_appAuth_modeluser_id; Type: FK CONSTRAINT; Schema: public; Owner: myuser
--

ALTER TABLE ONLY public."appNotes_modelnotes"
    ADD CONSTRAINT "appNotes_modelnotes_owner_id_f7c2fa03_fk_appAuth_modeluser_id" FOREIGN KEY (owner_id) REFERENCES public."appAuth_modeluser"(id) DEFERRABLE INITIALLY DEFERRED;


--
-- Name: auth_group_permissions auth_group_permissio_permission_id_84c5c92e_fk_auth_perm; Type: FK CONSTRAINT; Schema: public; Owner: myuser
--

ALTER TABLE ONLY public.auth_group_permissions
    ADD CONSTRAINT auth_group_permissio_permission_id_84c5c92e_fk_auth_perm FOREIGN KEY (permission_id) REFERENCES public.auth_permission(id) DEFERRABLE INITIALLY DEFERRED;


--
-- Name: auth_group_permissions auth_group_permissions_group_id_b120cbf9_fk_auth_group_id; Type: FK CONSTRAINT; Schema: public; Owner: myuser
--

ALTER TABLE ONLY public.auth_group_permissions
    ADD CONSTRAINT auth_group_permissions_group_id_b120cbf9_fk_auth_group_id FOREIGN KEY (group_id) REFERENCES public.auth_group(id) DEFERRABLE INITIALLY DEFERRED;


--
-- Name: auth_permission auth_permission_content_type_id_2f476e4b_fk_django_co; Type: FK CONSTRAINT; Schema: public; Owner: myuser
--

ALTER TABLE ONLY public.auth_permission
    ADD CONSTRAINT auth_permission_content_type_id_2f476e4b_fk_django_co FOREIGN KEY (content_type_id) REFERENCES public.django_content_type(id) DEFERRABLE INITIALLY DEFERRED;


--
-- Name: auth_user_groups auth_user_groups_group_id_97559544_fk_auth_group_id; Type: FK CONSTRAINT; Schema: public; Owner: myuser
--

ALTER TABLE ONLY public.auth_user_groups
    ADD CONSTRAINT auth_user_groups_group_id_97559544_fk_auth_group_id FOREIGN KEY (group_id) REFERENCES public.auth_group(id) DEFERRABLE INITIALLY DEFERRED;


--
-- Name: auth_user_groups auth_user_groups_user_id_6a12ed8b_fk_auth_user_id; Type: FK CONSTRAINT; Schema: public; Owner: myuser
--

ALTER TABLE ONLY public.auth_user_groups
    ADD CONSTRAINT auth_user_groups_user_id_6a12ed8b_fk_auth_user_id FOREIGN KEY (user_id) REFERENCES public.auth_user(id) DEFERRABLE INITIALLY DEFERRED;


--
-- Name: auth_user_user_permissions auth_user_user_permi_permission_id_1fbb5f2c_fk_auth_perm; Type: FK CONSTRAINT; Schema: public; Owner: myuser
--

ALTER TABLE ONLY public.auth_user_user_permissions
    ADD CONSTRAINT auth_user_user_permi_permission_id_1fbb5f2c_fk_auth_perm FOREIGN KEY (permission_id) REFERENCES public.auth_permission(id) DEFERRABLE INITIALLY DEFERRED;


--
-- Name: auth_user_user_permissions auth_user_user_permissions_user_id_a95ead1b_fk_auth_user_id; Type: FK CONSTRAINT; Schema: public; Owner: myuser
--

ALTER TABLE ONLY public.auth_user_user_permissions
    ADD CONSTRAINT auth_user_user_permissions_user_id_a95ead1b_fk_auth_user_id FOREIGN KEY (user_id) REFERENCES public.auth_user(id) DEFERRABLE INITIALLY DEFERRED;


--
-- PostgreSQL database dump complete
--

